0xc9f9705bd73092b3864134ef4e300ed00d080700,112314
0x00b10bb4c7b8e105c7a69a0cb25a81c459deb5ac,95751
0xf6b5a6c85881a3389b5cc277465d8edad7e469e4,94175
0x0664672b93056e29b88960626daae8c56184c188,88248
0x51c4904dcff434a4641b3d31343125f8b8160e9b,86719
0xb8dc5f5b9261f92c8c456412ab2dfd10c66799d7,85688
0x7eec7bccf11702134d4ec9d4c4dcb65670b12225,83093
0x40c5eb73740b6290e82bf02ce70ecf4c1c9676e2,82934
0xcf97d4e55b84e5a0dcf1110f7e7b397a0051020a,81882
0x025f6244c3fedf3e5eab09876a1c8a2510a70ada,79943
0x63ea66581e9d6df76aae16b371e9cf7f1b97daf3,78200
0xc5707cfcce3ba1f173f896fc6eec85cc2aa45391,76077
0xd07dc2792a4a19bd6c6a0924a34d9302dc06ee06,73443
0xa0ee8082142cb01236e90e7066a564e17fe535cd,73102
0x39198c51c75ede3e76a1c08b21463ea339778c42,69792
0xb2eb2356d5821f0d788036c631ec331b0aab33d8,67809
0x308bf6754fef0b93678c6f80bef895a721af1525,67554
0x63f36c1255e63d709177d2017742600780486f98,66636
0x944848c923d9e040984ccf9651ceee869be5e22b,66370
0x580832e615ff091ee7cf680fb446660dcc5f3b39,66096
0xa8144cbaa7e6deb7bfed6c8bac39ad08b6a3dd57,65898
0x4ff7d9411c6c51b4671ec60d8fe44b54354f2647,65799
0xd30aa78cb2c07e1af2f88cf8f4ae8e06e505f9f0,62728
0xeafbaac5c732766332d492f7be2319855b6a9b2d,61920
0x67fac6c988e9e223fb0190684b91aa82de60f73e,60770
0x30f48b7a11b5dc37c2aeb02f7ffab5cbe62b0687,60230
0xb5828347d3523d071a733916d75fadfd09563bf0,60101
0x27c994002cc9fc4d31fe747d058726e99e76b5ee,59317
0xa5f3c41d348586ae83272d8f89765894fe10591a,57359
0x9344dcc3d3564b20a82f44d761e69143814e89e4,55014
0x90be60f76ab18c1f1cd3f351f105bca61684ad59,53291
0x0c54f06c1eadcfe6213bf1f58e01a6e6574f717f,52970
0x5b604c819edf8f16499f14061ad224b591e9af48,48999
0x4335333b0be098625e76b497c952a9fb33e9228b,48675
0x3354cd295fe38d081f9058884d6ab3aa32bc90c4,47472
0x14ef54f7da4298edab3c314d9309b84ad10ef2b7,47325
0xe70b297fe3cf1792d6c50e5a664665b6181feb33,46869
0xc37b724ef87bd9d21c0c593c3d2c36e7dba956ae,46449
0xdf2247bd395105d697c2f1657e79d5d60a9e7097,45973
0xb3ac7401576f3123e59a13b208d096a982eaa8ee,45300
0x25f7fda440047f55032b108bd085e6bf6da4f4c2,43365
0x0badee6e010f2cc57eccb4e3c2a07667a0b08d6b,43066
0xa4f69255498b628487fcb07e1bcbfb014bc6d43f,43055
0x807388533610e3a131d67c3c373afad521310830,41550
0xe7f842615cca25eb10589d9a4d252740bc53d8dd,40769
0x2517d75d806ab38a90645ec8eaaab96dc2b46d0a,40315
0x7e1118ca043e6e4025e0c870e9f0cc83e87ad93d,40162
0xbb13fb8dcd3b1827babfceb4e375b0d618e4ae28,39972
0xf3354148513c7f61cd9a8815f58df802fea57cf4,39809
0xab3498baedecb820ddce948394316c4ddd9d03a9,37742
0xd9dbe2b18c5cfbf57ac02e070a0885595caabf5e,36122
0x7259a7b99d9325f0829e87f1636076e71f29b550,32829
0xe81fb6131557c89c39cad4d5ef9fb162f04cc22e,32538
0x26de0446373b1154e0c444c82581b95d7d15a761,31247
0x8a4d99c0cb00ebdbc148be7dc21cb7a7a5f9ac09,27949
0x89a59f238890b0d0fef4b4589d96247ba6d72541,26993
0x6f8454938b365fcc370df4106626e4d30f137d0a,23797
0xae05a19b3c29e9bc4433f13ecdf9be231461e1e9,23522
0xe865349e3b40360013e0689e6479433316303c94,23505
0x6860e00c653bea23fc9a7c3ab2a51e0346dd492c,23395
0x5305e6ed82fa6499ba79ed7861dc5fa4b6c33128,23362
0x3094a87dd054dc7bdf21abd2ce0c78864e094f2f,23252
0x6851621207e32a3b10d767178d0974dcc27bca1f,23164
0x4df1f236263660cff8afa73e552013b7fc85b96d,23156
0x17eaaca88d4a0844853d7e9fc8fb9cd229376fbe,23118
0xf868c5528ebbc8d88580146172fb22c532e5cc50,22958
0x0008c030117bfae3438488bace2cdad44899cb63,22925
0x3bd143ba250edc3751c7fe337e4d12b3c1f445ad,22910
0xd256f79c800d1b51c85e325d1dde1b22f49dee82,22900
0x44e84908ea11d379f6f7c977e4bd52700b12639e,22871
0xdea9de0fcbe9f81c96af914841b3f1ed5db53351,22848
0x5c668f6cdb1250479f45e29a80ba57f85dbbda13,22815
0xb2415464dcc4d2b421b282f93181eebcc6e1de6c,22765
0xa4519a0cc96e224daed2ac0d99893b39f142d735,22728
0xb14809e7131a826400c5cf0508905d3bad3968bc,22725
0xc58fba02b669c32e99f2d878c64c7bef2277bd20,22686
0x7591f24590d9b4a59efa51d9f25a032e576e4dc4,22604
0x461e14d6553506428c71117fc81ca4777d58ae22,22585
0xeecc7f7c4ca9b3714c5e3b32115374454b841771,22468
0x102e45d4f95f3c197e12453f2d477c87b232358d,22424
0x8b6039d5119bdc40758a18f9222a6e121d2f6ef9,22411
0xc1a4ddd4166fbd85b3d6d76679330af8eac62bb0,22385
0xb3215cddff364e15da1a1285b48756c0aeba521c,22053
0xbe531a6946d8396afbb6b7d8841629e4a83d912f,21939
0x32b6ba8c7e4831942d8e542de08d5b8fdae7d9b1,21911
0x05c1d75608b15f92b17438264992f3a4bac37237,21230
0x9634e12bdb084d6fa9125e0affa1b92f310a9983,21177
0x727c5e83f1b94a53c96280a8f5827d7ac633a109,20479
0xdc2f577371072bd87cb376e016a60c21a98efef8,19811
0x35c42ee28497dbe9a8313cbfc04a7ffd399e53c8,19746
0x309e3b336745c22ed41b738b0c932691f0775e7e,19001
0x1a9353bc7db5b60ba5ebd9519dd279df5dbf6639,18853
0x9e2d66b2ed05dcf9127924bfefdd42883d72c11a,18376
0xd9b2ffba51401846537a5262366e4f0dec460b39,18338
0xba36f4aeda44974ced1a733d6e1207fd7a607aea,18065
0xf616fb810be61fcaebb64247d2500ac3fd8bdfdd,17415
0xa047ad7575987cab9b97424c594b880ec170d2ea,17363
0x7673fc83e23ef78abe5c76674071ec538ebb7e6c,17297
0xf25db3384b9abad3684dc44fecfcc882878c93c1,17106
0x84b19778f5c6353dac00f9f59b248f05be594972,16965
0xe4f229c73880dfc53e7fd9ec0285d4c70b4ce495,16881
0x9dec2f61b038977057a1127b59720a652d4f1bf4,16816
0x4a884881506ec39dd59e72d78914407b38ec321d,16760
0x2e815f694fb9347ad7e6a62adfdb1391e9646750,16608
0x358ffc6a13d0c5bf5d4bb12660db718987ea65a7,16519
0xace11a0f3875708d09e8f360a7ff95e0316d0b90,16515
0xdd5154e6079096843548e382f727e1989d50b019,16421
0x18f33948df80451beba383704254223293e926ac,16409
0x5eed4a544526d10d27c0e8b6badc31652884ac63,16404
0xc7542043ce2eac46d12968594268a1e813ed3a19,16382
0x4112cc05ba2bb29f4bcd9af673ac2c9d452c5653,16368
0x1ccd55b763a59bb3651c3540d74270f8c0a1455a,16293
0x865a6262df7179cb98c5b98b5c6edfac09f1adca,16281
0xbaaf36a8807c61b53a3e7652cfcfaa03eb8f672e,16263
0xc9facf0dbc5a8f9d70e49b59613b1c21732cd6e3,16259
0x1296a2da6c3e6f04d34fcd1a69ab3626adab213d,16222
0x77c1055094874aad9a6fd431b721b452a765a68a,16109
0x0bc547a9d00063c98aaad6a9e0d86514ee46c550,16032
0xb1efcc46d051230072dbc094569fa31fd28dfe1c,16022
0xf2919d0189aa77f097002732320fa7c1f1fe31d6,16016
0xd54bd1c9cda66c8135cf93bf6e57f1f5c3e7d6e0,15970
0x83b323adee766554df007029edd02a94d417ac97,15906
0x43cd7d1ebf7828716bfb8b435c272b86ddabbb75,15897
0x6e722668052ecf735afede226265dd94f2205e28,15885
0x31736c58b893a75708c8e47893e2834bd53954f7,15826
0xb98e9cf13c8bc46834a6644bc3c29f705c7db10b,15726
0xc50033c2bb8b09d6818c205b13b19b8567287598,15709
0x3047f55becdbe93afcc75c2ff87300076da75f4c,15703
0xed7d174118ef867aa169f0573f8b4ec50289fafb,15697
0x044b983d889c8f9895e892351571c1e64b4d7c0f,15692
0xd4cc0ab2b8be7550611dd4e3f3ca88e405879bc6,15647
0x9b1ed8e36a42a937f2b7e24f907e89438b6aafd7,15642
0xa13b178ae2ac9d664c6dd5c5c127a9900fa1ca7d,15575
0x83f8e793e70008d5ba57fcfc09b91840a675fbb3,15507
0x5d1a2d1b95f2f3bf7b48143d37cf7280beb28a68,15378
0xb63de8836d6304ac9a8ff49491801ffc55544b64,15332
0xc56aefdc0184c53bc233c922345ed85d577a6690,15324
0x4da5c9b4d0121b3a27d6793875f20519c0a58083,15317
0xf39815e249e204abb7f1bb153b12c8d82bf5a517,15314
0x6d5a6cf5582decdb9ba04ea88098caa14abba52c,15312
0x45cb94244ddf30fb6a0bc053f7c8b9544f9e1848,15301
0xc6f3bd446b472729666d41b4140715341eb0104e,15299
0xf2e7755a51b1e72b73f40ade081dfc4df401c4b0,15278
0x88baefdfa279f4f678193c84766739eefac53ecf,15270
0x86fd2e9696aae7af077f7cd520da3008f7464f76,15266
0xddd810d27a53f37964f7fed0235a65a7ff42f474,15215
0xff8711d38016cf3e037c629f056fa1c9cdc1483d,15125
0xe7ee923af0ba53335434caa917e5d4f4168058df,15065
0x94ec0146185655a3514976ffb1bb4e1f7b13df5d,15054
0x65bfd767df75898d126b13dcaa92b82685930d00,15049
0x8fff28c24be5bc5fc491a285bee80d23be2b9ebd,15008
0x11e2e3adbb1d5b0ea2b330e320a832758d603f2a,14983
0x3338f450152db08cee2ca65d1a5e14b9b61e5a0f,14948
0x194875915ed1579c29bc7d3d767923a88c2bb2b6,14930
0xa094e2d5ea20d6710b22c0ae462bad5c879474a2,14854
0x33c7939e4f71dcecba7ffb9c00cdf58a15ddc2e6,14847
0xcfb0fc4a46a04a4e483782a4f8436d9f4579f9fa,14827
0xc910d19f6d882d476c35f761e9fb27e147142200,14827
0x3656aa042de154fbf599b611f43300b3e7cb9341,14741
0xca1e6ffd6ce279733d4e2acff805ccd57d30ca9c,14668
0x9f060c521b613f117256eabcbc2c356d5f851543,14658
0xf9e20d6b4885325611c3bef27914eed9b67dc9b2,14633
0x201d5e27fc967679a8714b465d8e0dffa7879d3e,14571
0x6ea75d7a7fc52e09946abd32cd700bd76b802104,14558
0xf899dac78c13e4ffb7d2711182f342f06cf0fdab,14550
0x4e70f7678fc07b6b6e2e639d0664be0091b41b2e,14519
0x7b65c6f14508b760ef717790fe7ce1490f510840,14449
0x329d32ed5e2b2f5cece7ce4d8a5f3bedc5cb480a,14448
0x5eccddf42f6bfb019dd89d2e20c09213da0f3670,14436
0xa2eb8bd11bf395a140d20ba93287abc3d462dd96,14381
0xf165dc93d660da09a7ae40774388f2d38e24c8fd,14193
0x1c8f5c05ade8704cefc17586b34ef8933d38979d,14140
0xa761afb9a588a0349d708f9d0f0ca785adec8fdd,14126
0x0925acf927bb5b4bb7c1991f67258b111c747f5d,14094
0x9a0d27093d99935a703d7ed6be08389ff1cf2325,13948
0x9348bdb6c4b1b130d57d9c6ad5434838d956daa5,13895
0xe48810084a2ce0cc53881941aaf0e2e63d0dd0f9,13751
0x5e972a0bd656112e029b63a106c8c8405c7ba4c9,13745
0x91eff1d9c6fb35c2c644d85d0bbd8787f42f1835,13363
0x21ee413e86124d0c4c43f7e0a3abd70ac3e5401e,13259
0x7f348a020f29a7070fb8c2665dfbf379b6c8eef7,13171
0xac6090545be1d408cf0f92f61ed99fca777462d5,13121
0x0bb8d3244debde18b4b5c48585d32b48efe9f469,13012
0x97f39559762a5a7f61ac57cd2b206c5632938092,12917
0xeb1a841aff3b4299a8dbd3f656ca17e4ff23d72f,12827
0x752c4a44d338da6692c25786d0792014cac6deb5,12420
0x85c51440d4d32db4b41592f5a8620a188be87e98,11832
0x6b6e40c49087efede828cf1b9b89ed3467ac2ac2,11604
0x284af9bedc6f24722341db7f163fafd0acd71d75,8575
0x291cd818466d58d9c7f4b1ce658019101a19761d,8505
0x72caf881bebf6cbc7c346b0f4d49c7599041c900,7563
0x18e162327ddf51e18837dcb4fe56a916ea3cb808,7520
0xff7157508c99e4fe542b2d6b9ed40cc6c9475c0c,6423
0x6e987d10c1053d4badb030f5b356013c5cddb18e,6322
0xbcaa92ae97ff0900c48ed225ba08a059467d1da7,6317
0xf59170742e5fb9afe6c259e13cf5aad4d690c838,6307
0x9c83883a0ff429ee0cc671070af497030217c125,6299
0x90b20f5ff3c4f29788b66ea338fc02c0e60f75cb,6280
0x4cd6ceb0f4b179547666eb53d439aa13d8237d4e,6253
0x1ed31734edb7df14345efe7ab02333858a168625,6245
0x6f1eeaec3f8481fc80f497d34a61b35126231e99,6227
0xc36deb64b697a1b694fcc9677c6c468aafe1b16b,6214
0xe4563e88a2ee396a44af9d3bbdb9d9cf9edbc300,6213
0x3d0672efe49acb9ccff6b91352ba1197d586865a,6208
0x773b0f34b8254a0be8531ea6420d75bf907a1854,6208
0xa787cc274f0c844db12a70147f8d59c80e29e370,6202
0x71dca2bddb07ba8668fa5d3176208ad9416f0618,6201
0x429c70972223f767e6fffc9e969631122b5f8519,6177
0xe3aac358ed10d9fbe37b3d3bfda80f552545ea46,6173
0xb5a15afc86ca27e1abca6ce980cb7c80f86d391e,6172
0x9910a1f0489c44dc069de0a93401ec3c09218216,6170
0x46a843f4b123c8beb8af5602f9c022e624a2931e,6164
0xac536b00739380479b9f13321fc78dd40f2cee11,6159
0x2aed4004a305020d77448bb16d9b6d9d391554e3,6157
0x858ff2277882a10cfe84f8e3f01e7683a74972b2,6155
0x74f2a73093ee06649739a0bc7b662c1a9b29f578,6150
0xec3546964e759057d967edd2397ccc989ed15d1c,6147
0xca3df7aba8fc7303b8f15b5c54b0dc9e3b3f44ce,6144
0xc1f21500f42202772dfbc3037ec74537f8b19621,6143
0x86e8f8fd7b76b26f45d72ae56cd63ef2e0ff4eb7,6139
0x974364c0a4598b68dbdd4d522f90e297f19e0a21,6133
0xcbf71924c879ae46f09f830762c90ade3b812a3a,6133
0xe2c2ddcd7491bf29771984cbf23ee9298f7c2386,6125
0xed8ee3eb2dbfcdfdd168142d6bf4012b157268fb,6121
0x70293c25aacbb98640b2ff13f198806f73474402,6119
0xa4ee069228fac348a7d8c959f63795f26041b804,6118
0xa116ba5d221d861e6dd923b2dd207f102668c03a,6117
0xc68424c50bd739ef8a54bbb7c484bfc8c36cb72b,6116
0x91c3d280724b454a0fd2d9b895e5acba80008911,6116
0x0406c9ecd2934288dd42704b04393c206e03c69a,6111
0x025ba77ec51b89eaf0a92d09501652fa273e334e,6106
0xf84cd48fadd9166fbc3db9783c01113ea8888fbb,6105
0x0b3fbe91ebabd45c3c6da1a77812de0685d7d1b9,6097
0x555808dde5ef8ec4681356c700ae834f4fe9f3f4,6092
0x1b8711dc10180508f37035628f89aec188a0b82d,6091
0xa5c57c3c597a795d488a5335d7ac71310ad4672d,6089
0x7619314c835a12da41aab18d74aa90cd2cc84b46,6088
0x162549bb0dd93f9f9f8d8e94a6cfd3ac3f248afa,6084
0x0a277f08427da51d15e9b9b45ab74877c100a305,6082
0x0190b4abfe522afc4080eb2ebbab8ba29ed9d513,6080
0xff069157f6456e2ac79efa255f123728d8c275f3,6076
0xf7b7bfd3c5e2efa631e724bf6624d63b3e39b10f,6074
0x22d74d2425be6071dd011279d96dc4f46496c485,6068
0x4c0ee3621ee83e47bf6cd56f4e8c0378a6820209,6065
0x192111a16ac21bd2bfebfbcd6fe5f255c44c4466,6055
0x69e17e8406d5d04d9b8b2d854d7d4bc4cce3e7e9,6053
0x1562dba054b71ddc035be3e5c010942a1ee11983,6052
0x00000000000c964f36f7f69292cb950f7d45e48f,6051
0xeb78f086bb34f1d8a5071b48e13d10eab625466b,6049
0xf955d261cfe37f9a3c9ab431b0bb923048fc7055,6046
0x71159a50ca399c7006dc4bd44e9b20ac0e041d8a,6042
0xa54bfa792099e107cb0807ab2ae70efb5c134dbf,6036
0xb7ae05d6898f933960aca470f02ea97973965f4e,6034
0x990f790607dfe5c2a354d567e0857439ec79f474,6029
0x6eb8055267a085e991491d8b622f5897497b928e,6027
0x4b065b7ed758edcc6ae92eb84569feb7f041ef49,6021
0x8f0eaf616ee53a3ed8ce69e43cca022b73d27027,6020
0x9df89bdf0f3b6e45290e3da994f87da06f9083bf,6016
0x4d3c326553fbcbb1225baba984e8a0134424a51c,6014
0x194110765a3cd438222e2d90391a353e928b1bf2,6001
0x8fcc50c49a21043ece367e232b8c82756fe4b65f,5997
0x758b32aa081d588787eb8be8a1b8e332c3dcd951,5995
0x04865dba7d9cc5ff2ce16f35c3077ccd46ce33ab,5992
0x1197fe7803cacd1a339f138a16b589689804cc94,5992
0x888a714a5b3956c9fac37ac7f25bfd0bf29e2ac5,5988
0x61d8252000365fd53e679d0dc8640392fab6ed8c,5986
0x56107fce6a4b8b022fc7b01a452797c292e51cf0,5982
0x75267c2f33673796d470d30e4a9636c65f230eb2,5979
0x34c2eabb909ca221099fcb5d0b652c04fc148f8a,5966
0xe15efc2a7d8ba3f26551e97e08614a9be3e82f86,5960
0x4dc7a0d51a2f4f49d4244033596b5c43b8e3c7f6,5953
0x60332a41d57b487cbd5b35da41fda56c4ef07ff5,5949
0x414fd3293bbc6cfb87855b8ae243268bcc7ea93c,5938
0xd15e8aae16deebf4c8f19a43933b761556da24fc,5928
0xb716ebb375bf39382d933f8b4c0a82360bfadd9f,5926
0x82387ed0d5a75b96b88fc2a483b89508df801bbc,5925
0x0c304d4dadc918a9e51408d4a4b8ac343dfba2bf,5923
0xb4ef2589b92be272daac411a30ec7a7cc1acd038,5914
0x18803052ebea3cb1748d5aff90de3fa2b3f1ad51,5909
0xc4fd88c0bd28dc06cc251746a62523deaec9e53d,5908
0xe6f09719468cc1b60019ced20c7ee5478bf870ff,5901
0x0ae69c423f88a063cfb681fb36f43b3971db34d7,5894
0x201e08adb7ba7ebf1c05d5f5c8575deee7d1e840,5884
0xeb93fd30fcf5c40ecac2b22a71cafb7ed0f452da,5876
0x0f229084398e4aa51af6c47d28df41eca8c6ac54,5869
0xb0438610e9cbc025f0c3494647982b8ee60faec1,5861
0x7ddc7a353ca4eb9bd51cb301982da4258fe3b3f9,5854
0x1ac5e9e9dde1252ff2c870650d3b531cb5b5bcad,5853
0x0d74bea10b1b9443ffbd9e65410eb79a64ffdc1b,5853
0xbbb7338f8a0a32c9db4d83f0de33145c8a2bd871,5845
0x91c0c6294def67856a2e2338296d607facfcb37c,5831
0x9478250af3aaac958e9cb8c6e26d12452ee4fc43,5825
0x319f1e3280224c14eb0c30fc25606dd7181b1b57,5819
0x05f4b06ba43dc91947bea310fa53a172935ced6e,5784
0x0a66d04e9c3c506239db0a3c2d67805c145369cf,5730
0xeca45b60d6fffab66122a19c8b51355145d1c7f6,5723
0x321cf05875d393876342e5ea6392826ed5d58fbf,5698
0xd923b67b13754e329964a8e948dd6d4d1f11bbad,5648
0x35fddefa283183fcf33632550bfdd0e1da672c4d,5628
0xde9f93726ec42aa9237cbc867e552ef8aaa73cc6,5609
0xa96afbf6266b8a5894eeb4b0914de2a66b7d39e8,5598
0xf6ed179a4c2e7ddb55eb4fbd5c00cfa784e95fac,5583
0xb168404d60a6787310645c2a098b10fc93e46e1a,5554
0x38bb314f72d73a4843e1cda22c22e81263e45525,5548
0x4984e3af0ca080afa6f691a0f47f35cd3a1539ed,5376
0xfe38eb60206c68477cc5e7b0f26521a7d2e43363,5098
0x406f0305bd6871cb772cad0c4b9dd4cc3ea1cdfe,5028
0x832b035b4921c9961bbe39cf1278947081907258,4938
0xe01e97fe4c456ceeef71596064beedbeadaeddb5,4921
0x3329e6cec43563a817614b5e523911148ead33ae,4760
0xcdee517dd17d7564b464f6de0a6e24ff1e8fb604,4714
0x5c5262895a06a5754fb4569492da3519c5d6dd9b,4662
0x6a3a7cfa6c5b17c3e42be3fbe6c5468c2bef22f4,4567
0xfe7e48a6c4c2cfeddad437edde752c632f44abe6,4555
0x467968a018a2ba72121ab58f677c4035b195477f,4496
0xb6669c54ce8d9966b28801c5bd22fbf59fce11f6,4485
0xaec3fbafadaece36b7e54fb71e0bac7a6a9b45bf,4440
0x3f8d9fa94c408cda36002cd6f311452069289b78,4384
0x7c919d1db1e8ed707c931dc472486a127708abca,4359
0x5139cec1c2d47ba13aedf48a21dcca3ef649e522,4224
0xe52d0807d80b50c87de19a1406b69f693a925346,4142
0x42505110e9efcce4a35d2edc0d429fa6bb2f7c54,4129
0x143d14b2919f675a74b2dcc66307da1e63102587,4095
0x388d53c478031c2750e315515f14263bbaf3db8f,4087
0x546dac1f0403ed7db8d48d0b77db5216547234b9,4069
0xc7cce2672b668142892e561129ebd0e4cae57ec3,3912
0xf2d64e59d2b8bf683fb60a21fb66b4dd5d193d8c,3907
0x370f25b8a78564197b9e282ff8f9a8298f0207fd,3902
0xa0ba6196f0cea87055f525a40048fa69db8742d8,3710
0xbcdf7c680da3e46ef5db54640c7edfff193be1bd,3617
0x67e1725677c086c91dcd10fa13c9d23743eb4d36,3481
0x89838e4aa300f25aa06a00a3a53de2c0f6491367,3443
0x553b192d0f6d691bc3716b1734fe94be6ad1b92c,3418
0xe60929a7f9c012d9c3cdba1542c2b3c2189a2731,3397
0x04ddf23f31c4eca54dc2ed91907bbec12858309a,3395
0x60157485d113d348b44afb01f6f893c9d72c287a,3367
0x580abfa30e3dbd3a890f020e497557b50c3660f7,3363
0x89ad18a2e4a2dd39f74ff53df0554da0c1a15266,3358
0x89acfeffc0ebea8955e8ba0915efb18f6c37d057,3349
0xc042262039c727e07517364123807096f10c611d,3347
0xe3e994d83099200515dbade5502134f731007a83,3345
0xfe3bcc0d210b4655d2c441292a5f743486062364,3345
0x7a70acc1bad38a3bb40d4cdb32ab99e43c412b6b,3345
0x287034aeb298e5160cbbfdfaf05c94a0082227c8,3345
0x5bc8b3db3e5445c61e0f43210c20aebbd6cdd61f,3344
0x726fc365ff7f4ced723b20a0f01000e47596c9d0,3339
0x58d75b8411301567042e657bad5be6d96d94aefc,3329
0x84636b851c420050b8d4b44d8d4e45872752a68c,3328
0x739950d88c6a001f83da8b27ee37ffb4468e9202,3325
0x4814321e55525f0b8f5f822ec7471df2770deb97,3324
0xb538e319fb1fea0b757e2016bad80f6713153d3e,3321
0x3356e5cb596d979bc636572075a9713ae264e044,3319
0xe96e1aa98424d9e6a21bd8691b1a9d409ee6f193,3318
0xf10b2f08b0184468506d592da95e4a22e2215ccd,3313
0xcf6bd70ea171e1a45c5e5cdeb2a485a42773ef35,3306
0x4953a679c0be433a1ab5dd19778ec3838fa6f0a7,3306
0xb8bcc743b78bc0c00d9eee1a8454540a029f4278,3303
0x48f70f5eedee26a4d3633adef1fa56b9a73f55bc,3295
0x1ec8837fe088d29385d57c38a0e94f03006ccfed,3290
0x690db243a607ebf2c47f127f46e96e86e728a9c3,3290
0x16bac1dbc4202367d1edb12daab3bfe5a2fc3a72,3285
0x8616256007d1ac43b9d37407d62089aeb907de0a,3284
0x6c172a36a38f5bd05d1c680a5ec06d782e280c53,3284
0x578e9e3a40982f08261df4509aba5c1fe6bd5942,3283
0xa82321323244348c771f213bfb8b6e5acd17d52e,3279
0x43ba98df1c1e9c2ac859aa2b6c31102b9c4a168d,3275
0x279c901ca02996cafc4d4230b9ae2f253abe22ac,3275
0x3e41e4868456860da197238182dba6a3f985db67,3273
0xc2e74f666a07f69acb10a7af62c47787b940734e,3273
0x75f40e7be9057a0987722744729f2b433c1f561f,3273
0xf6f1768f00a2e3d1d459779e6d14b28c8b77b0e7,3267
0x6ae697fd46b983008f6ee26a7c0865096ff1ec4b,3263
0x343930eeb72213da3aa2b3f5a91705e4e9b01886,3260
0x201a3d1157fe5bba656618e06db94f265e1a05d0,3259
0x1d8e6fddb42ebd7adb3b996be0b51f1a65f310e3,3258
0xdef58c579fd8f6aec411ac40ff891c37014c6d4b,3257
0x64c318a1ab13b0eeb6356cc90dc35dea33709d53,3255
0x1b2b24e2d4c2b39dfb85582b4637370de5c1c776,3254
0xc43bb1445fe379296ef488cff448bcaf47563ec9,3254
0x325ea29d25608fca05f77e771e4fcb04b4c20b6c,3253
0xc1b1eb231118f2d944ddc705a438d11d47824662,3253
0x82bd69dc351196180a2318b4ff907209bc6d258d,3253
0x7c921b77072b1f8e2e212e72ac643894487d2e52,3251
0x0e0111818cd1135a75f710162650dc4f171829a7,3250
0xdd65aeca07d4b463874dc2ad618f276c9960e0be,3250
0x7ddcc4d11b10272179df4e4dc9d676adb64c3988,3248
0x2948f125e37101ff689f21109559bb832475662f,3247
0xba3b6df1b7c1e2c08a81d4de8e1420afc9de5c62,3246
0x8e102b2bcf9e45214a7fbcfa7a8fedee3bc9082e,3246
0xf9904e4c8612a1f7707ecde7216292c31a583563,3245
0x95d49513a835b0d9c7b2d580a02583779f8cf844,3244
0xb2c1a2a67f7814d6bb3cf25829ed12c4cd49b8f4,3243
0x723390c21a02a0b42526712e4b927fffcea8386b,3240
0x233b528f57f40183fb85538b62a377bc689edf89,3239
0x5a3e3a4a923c51a05ae854c4338c4ed121e381b7,3236
0x602837fe8a6f2cf630f473b3a90f96b54188e794,3234
0x68644e354e36d340924385b235ae87ed3b5f5abf,3233
0xefe91b61d90060ea09cd39fd70f6f2023be54bca,3230
0x983aab32ab7407dec5a0adeed48c2d3f2fe53ff2,3230
0x6483bd63c4f5817c999c0913bde869d7b10b09ab,3230
0x0bdacd790ef95b94782004814938a2f66f2d0405,3223
0x6937723cd96c5e41294da65f311f25b05f8d605f,3223
0x324c0f3108e97d757b4d0863d0196fe5df99574f,3217
0x9009658e249d2fbf6ed28578290bdf87caa9b223,3215
0x781a492262eecba37067c10f63c6b5973e7d6c35,3215
0x5d93efcc52e593fa4e7dc7307a26f7c26d2cc7d9,3214
0x2fec54e3dcb3a5735c03e40bc1c86ec4bcd5a89d,3211
0x619e798a7831c5fb962f9b4003972e0dcfa5bcd6,3208
0x3f50d7df98e3f4783e40c471ad9a3735946edca4,3206
0x46fec1b505ca204f9d41b7d47631d9a1b716e0d6,3204
0x15148753164e9fce908e2209ae4911cfc482e046,3201
0x3e412a8e2036706cfb228db2ef9870bb99f586b2,3201
0x13df856ef4066b4f6d73738149b77d0cf85aaa34,3200
0xe78984f0b11001c396f12cc9ce7fc3c58d2a3c80,3200
0x22e5219ab78ab757947e227c04aba343497b1a42,3195
0x8ba46bfd86513f7561b940a4d30d7e999a53443f,3195
0x14216b12151b55bc491e19d0e9fb1a0a3ba742b4,3187
0x329fed2144575b922f3d85ec5d1acfc8f683ec30,3183
0xcbba976392532da522fbca559f02320681cd9bf5,3180
0x04df5f067d051c349b68363629a5ca10dea0da27,3177
0x05c3b5560cc31724e2dad96616c3e017b63cce6f,3170
0x51b25cced66f2c548a6b794c1c1e88c8d859a338,3167
0x031f5d45b726ed7f801a62ed97fed23a3b91ea9a,3144
0xf84d547526cad762101a4740b5664ef920de709e,3142
0x105ac26d0fdeb05ce0e2774fa29537359c1ca2d4,3138
0xcb41d9ed06a24b7c7e84c7a51697ff53206306c4,3136
0x96a77006a6b650c1a540cc93e005bbba4f8a3db5,3134
0x9e795d04d873508ec6dc0e28b256010814746fd9,3125
0x02321833cf4c5a5c571c34df6bda37a65cbe468c,3124
0x995a0a03c0442d57d2d3d815a2b579525832683b,3115
0xc75b5180113936954857ab73ee1ccc432df7f0ba,3112
0x18d87dac0e23ed7abf4c13268c89a271b38da5cc,3105
0x113ce0127f442dd8f1667b155a8b93d31512d2e3,3099
0x3d2878f7900ddb2bfabc4eea5778510423c90ede,3095
0x977a0159c354bd068f8db5a4c2b29ec788e55ccf,3077
0xbd393a07fff63a349adf3030b0ad24e2dffc0e31,3056
0x24765bba9577dc03e026e4939d683e770be0ded9,2986
0xcf92ce4189b5841c95760b7824356f74851b6618,2702
0x67f676f7954924116634f018d631d80717b5b16c,2691
0x98a685e320cd6e7fb665e7c962e75683c5901af3,2585
0x49ddb82234d4ec51b70426a4edb0c42106c01c0c,2567
0x33f1870cc3cf847af469e31497d8d2c260737c87,2457
0x40697db87dad224a0b78e9d1c8f0e58f3f17f50b,2413
0xb1a9c88602f14192a9de532fc914d5b0e9fb289b,2412
0xba910ff495bdea6029dca086e4effd3287004323,2377
0xc112ccc28e96b0013fa592a0b295a88da7130323,2349
0x26de0446373b1154e0c444c82581b95d7d15a761,2345
0xa7193853d72e9613d8e65c6928f084101aa0ce58,2309
0x67f676f7954924116634f018d631d80717b5b16c,2283
0xc898e8e2faabfa4905d81fa3ad4f853313c3345d,2215
0x18cd2f0ac9977ab96967cf31df759cb2372951f2,2213
0x1972d7b2781314431728011f5ff5920b7c3edef1,2208
0x29a45c6482592fc866b9144b7145902d0580a16b,2196
0xc2842e2d6aede3ce6f6dbae6d6a896e168d6cce6,2190
0x92f7bac27675b59cca6a7badee3f74b6b2ebf776,2151
0x3eece1880013117559756fb572fabaef8002de10,2140
0xd293118c0d21f88cf9fba93c80924644e7843f6c,2136
0xa2051329398de37bc1ea5d7217d30f5a467ea805,2099
0xb6cb9d5dabc3e4983031e5dd475a49b6520a6f98,2076
0xd7991b82ddb89a705cef2eb64437acd39fdfa24f,2053
0xc7f6165dcf9810b98f241b1b47d0572abbf30879,2043
0xc66ac920937ae6189b2886f4cbcc4daf9b17eab6,2041
0x0fa9f39b25bee59c966044d228403bbb8062129a,2030
0xa5171ddbc612744fc3f2ec07e8846fbf21624b36,2027
0x7ca14cb42f51a541c6bb5e68630693fe04156d42,2026
0x1c077ea10c47bd3b086c2c172b1af3aea002e68f,2020
0xeb9458f1a382dcd4b1877b9801b1c358d8a4c979,1993
0xede5bdbd8f9c68d7bf4d6fae980865aa97f7d3fe,1990
0x49456f0e24b93dbf77d81ed22571e3145dbac6ae,1988
0xcd85c23bdac40594396478f8bbcb8dda80768cc7,1955
0x29beca067117135cb987736424657436f5199aff,1949
0xe0ef89de211c255a2ae24532bc4c2138b1a2f188,1931
0x8fb83e614bdfe2b2898437312d8b94ea08104afe,1906
0xb5549514e816a46731de67db16208d6192250bda,1889
0x7eed01c5983e3f36ab427c3cdf1c44f3849d87cc,1888
0x89368ec8afa955073cf59c6fda1a10fc218f6621,1888
0xc1e4caf2f6994999ee1bac78bb5f5895a8455ce6,1887
0x2ef42381b1a925f37ea0d4f7056ded4a06effb65,1873
0x60d7d85c6b4217a5fee2fa3593d66dd475ff536f,1860
0x7e8b0ad8d98aef3725cbfa08999d00ccd6daca6f,1849
0x28dc11c5337aa3a5003099fdb67409621bc6787d,1849
0x87f6db6162a11d086bc27ac467345a4d2e8de1ce,1817
0x29f593bdde78b91d0b8ac0b3374e32e4e582a465,1799
0x0cd1ae1c93ed5478356a7dd4236097b50d6690d2,1796
0xa9d86aa1d4e5e4a38b3bc3b73401d59928adf8fa,1791
0x3b8c2c97f74c1feb50c1b90f61689a73176c1ac5,1772
0xc09fb92f8b23d3eafaa3c86e3a7b02fefdb4d295,1731
0x248487bbfe6f9b6cdb68e424e1531297c7dd599e,1699
0x350403ee800116fb1a1736b364ab4291fbe3b9b5,1670
0xc4399cfacab1e0570d01f72bd59eee39b81cf34e,1669
0x052e7cbf842b9137e26398415cc355e8b1a94568,1667
0x9a8b50b24a9349d03511f784a9a6e13a5d8e42e8,1542
0xefd987034dbff9f906427720020f9879686cdb91,1481
0x64ae65ae333ae8c2a7d120c04ea679b85eb61865,1429
0x5d57f739a92e7b46a83dab2d2603240124a9f39f,1426
0x32a0279db5099ff39bd9e1ff4054f63c7a51791a,1304
0x29a506e93a2dd5db1d031b75c5a15038b19e6c90,1175
0x2fe230a3b6cdea7d9811c3f040a63da0f24965aa,1162
0xede5bdbd8f9c68d7bf4d6fae980865aa97f7d3fe,1134
0x74357d50f2179319893a2a0eaefc3ab9b1692925,1128
0x5a63c295ff23d9fcdc4620f2f51dc4fc0a38d206,1100
0x21eca6deed087c349df9be5c4374336681a6843e,1095
0x179d620f52fc5d2e8432c1cb43267626ee8aaf10,1082
0xe1f2e4d8d30679c84d41cda2d114adc9fd7d0598,1082
0x55be2b8c861a4ea66127a85d4125feb22c4b2c8d,1080
0xbe818c20100475d9e7dcd43636f4954250a56d1b,1063
0xf42e55203f75b4e3014c6f20ae5811878065dd7a,1057
0xdd7f1061d86133b6d57c5dafadb4b58a211d5c00,1052
0xadd777eab7fe876ea8f029b0f83c54056586fdbe,1040
0x37e55890fc979e481aa2560836b350c181c1b2b7,1018
0x157a82aa90163d41573ca97d5040e5294d9260a7,1011
0x67f676f7954924116634f018d631d80717b5b16c,987
0xec2c8fdc46b8bd710cff9840dbdadf4c5adf8380,972
0xb7d5ef9eddd5be14af9084c33ba04fdcc9dd9044,960
0x7fb54c43ee0649053c601ea7c42bb5021d9b6179,931
0x0fbb6a2229195157ab90cade50dc2ef32aec2b88,911
0x6a90390990312a220c5b1e3f7444428fb29598f1,890
0x40fe57e438fc834e948663ed435ec373dfabb651,880
0xf26fb1da7b9251d7aad53c58c785abdfffdfaca8,863
0x0308a31af31a1458eda8e1c6f15edcd177c6fa1c,859
0xa6b49f72eb70ef58838326217a24aaab43be521e,856
0x88cf618e9ed87011b5f7ca78aa87a85ac331dabf,836
0xd9ad089e138332dc827c337c2bfe663637b13e34,812
0x8e5d6b0798431d59898a4c38a4ef223f7be123a2,763
0x9fb15a8edc9c8c4a417d87a2e688b4d72dc511c9,758
0x3f68caa80d1e44e892a7470cfb06bf8260a19f27,757
0x1895a5f4d1e0f8475ecf034bb7c58ab0334e3b2a,748
0x1f1b30e9c349f622593acfbf4fa0fbe2ae762796,732
0x56b11cfcc0ed7c3874da963378c8ce997eb17123,719
0xf5c377e0172771f7449e64293863d9c0d7504980,717
0xee721a14a1d11fec674aa5220078b98fdb72aea5,713
0xe373949235a8351a06b7eb0e924432f7d177354f,701
0x900505fa33d26010635f9da3cf702cbb03162ec8,671
0x25e86ab9c725b61ed420c17a3107b7b5c6a0de75,660
0x64aa2540c65cd13d0279c01e9f0b4201b4ce5014,638
0xf821b8d75238a8aea4d6ce56be3c714da154ae56,612
0x2200443857687e5f454678af2bf0238c8e4f114a,606
0xeb6bb4a8a136295ff2ff589ba590dac78c6055f3,597
0x2549da15387bd2d1e4b3bb1cc51de544f3e7966d,549
0x236d409131f0a91222985ad6ba600a3770d6dbe1,533
0x95134f1909a1684c483d35e009d2839c1ab5c041,527
0xe334159a6bf88e5fde99750369c136960e0d0987,504
0x18e0921e1357ab7cc3607e0d5efae0a8ef00795b,498
0xca8204cbe7a9ab652bc65fc97315f71ca011d62a,488
0x814e69530d543ad02f763711d06a24251c268c6e,467
0x3f68caa80d1e44e892a7470cfb06bf8260a19f27,461
0xb572a263445226accca01b3ff30f6bf7aab46afd,457
0xe247946e74f3a97f25b14f3938e52fbb110b46e2,435
0x99a62294a674253f0224904f3bd1e49cc9a96a46,435
0xed9d23ac3dda1b3349a39b48efb2b19537074608,418
0x3ef2b6fe75439d9d2ef9f03a53c5fd9ac48133df,414
0x9c5979584507aa8f9dd3807218f4c230d65ddbf2,402
0x468c87176486f971429e99ef8b4bfaa5e34188e1,395
0x4f4397a2e49c9efbf003583f56eac96e7557032a,385
0x35b01883ed23f56af9a5bc12cfb9e54d3179d9fd,365
0x3272f485aaa7fae2c0a9159eb476d2bbe846328a,337
0x6f3fc1405172c54a95d12315899626bf69d7f834,334
0xaeab1d092274680eeb70b3d904d3ef99a6057837,324
0x6494546385fa6805c5ce06c86b7c6eab455c06d1,310
0xd1101cc8dd22727989ebed53f42d052cdc8e4dfa,301
0xcce41d0e619c1fc9dbac360575a4b1e5ef290d53,300
0x732de920c1c80cd0650d5dc00d338a211f27edff,298
0x5deaa51e8042e72d0d01e6ae72c304300f93114f,296
0x08fdbb91ded49cefca668ada544024eb217c5b5a,291
0x58e2f4ceab5f82d46f4db2085a174d45bb2bd9cf,284
0x815dd95022fb8fa554d8d2b04f1174c3cbe1cf72,280
0x5b06555d97ea8af6aef02a0f2532c0b790776211,271
0x93ac93cb47326b819227da50be6877468bdbe199,257
0x00ec4c64408a3ce42e6436200b6654e23a2de57a,241
0xbb190ea69de5f5560373665e95edbbdd9dbff9bf,236
0xd6827d2645e3b77f3f65316a147d225926ddd04c,236
0x31c4d044abf1e1cd1f6ee256da5f3cf3b3c7078a,232
0xa440dcf85ac8e17bc883a2bf360d2327729ad87c,232
0x109cdeac10d0e612dcdd5de87c911a02060eac3a,231
0xdf4599558c4070c72238652a44d843f8bdfb09ee,224
0xe36ca24f1f1d057b552b8268dce4eeff8880ff96,220
0x87cae44585c3c2a47bc4c25c219d9473e9c6d39d,216
0x3d744c36d4a9516ebdc0c2f742a4c758483b54c3,211
0x35422a58b48f8ed6f4364f6406c9685f4a9f306c,196
0x798b5d66405a10f6398e0893e337b4bdae46dc64,196
0xf55f5ab4c31e4f67e06d0402cab4cb39e68f98fc,188
0x000000000000000000000000000000000000e48f,185
0x74c2a2ba6559cf1ee5bef7dc2ec7f38f1f204c06,170
0x87e90eb7dbb84c0720b6ea5d2d0cc6520c013fc9,168
0x7d09e50ebbbc90028febefe849cfd4269bd22a70,167
0xfbd95062ae71b4974b15c8f77af83e2a21014583,164
0x3942139dbbd38840447126cbb5732deef56b9083,160
0x794901759421b47890b16f601e1169ac11263877,159
0x5e4fecf9ff42c3c73a0ee1e052c9708fc967e55b,152
0x849eac3f9d852ce730c31300a28c70c2301ca29e,152
0x4408a90ce646747f4eb0f98e5cfb9d5fc641327a,149
0xbb8a676a0ba9f43b61a518cee2cd797b70858ee9,143
0x0566ce653beb91f1c5cc09201a0e40354526effb,141
0x45815e6cceb2a378cc703155346ebcc663bdab5b,140
0xe7e65b5ad9582fe65a30c15346672ef7cddca8a1,126
0x190b1990ce94bcb0a5ff238499e38e35f4fbd462,126
0x0eaefb2e0a902dc0f82fd9a7c30a26803975131d,123
0x2d30c942f962beed6d8cfd036acd7a65df5c0f5d,122
0x3361e5835d7754e82c302f59909e9141c27b141c,121
0x41200ee3f8d96beff4b0f2f958e4d27c7d641acb,115
0x0308a31af31a1458eda8e1c6f15edcd177c6fa1c,106
0x789b91755113a59afa43547979e874a0f13d8e91,104
0xe1bf1bc3260d41ac0bb36bbde1d943f51aada695,101
0xcb336bd5288784eed447ed81dc8e331ba372e5ca,101
0xc15cb36113e7f12b97367e02ae1c0f406c1f3083,99
0xd5c8328e8885067412f527239c5b2f995c179a7d,91
0x44a1bb8d1db2747dafcfa8b7021db8b27f0f7776,81
0x6a323f60e57668539a4f487c31b17bcdc84d2b0f,75
0x6eb1cd1af72a1fc9a77be5984c2333321c65179e,73
0x7b6d37475ed18179cd4eb6f3e3c24a4998d46bb6,69
0x445d6a2a75a55a73a81145795c21222ff3bb46f5,69
0x26de0446373b1154e0c444c82581b95d7d15a761,52
0xe3394f9f70addad50cc09a2841b7acff3760b5fd,48
0x00000000000c964f36f7f69292cb950f7d45e48f,45
0xc4218c74a210beeac5b53b14a6e161a59e5d1884,44
0x68775b24b7217ebfd012a34dd5f052fd6e3e1cb6,44
0x60b92fbfc3e2b4307596023851ff22617729fe22,43
0xeea946f9914901db08c205449139343a4e629015,42
0x581c52e1a7b2876d01aa0860f66d5fde28ce4ed1,32
0x9b8f3a582af0662a33095bfd339279e7d8bd66e4,29
0x67f676f7954924116634f018d631d80717b5b16c,28
0x8bf03bf34f04b868e71f14d353b6a3c0efe67300,21
0x5bff6f9738b5782b621ddb8689245847973c30a3,18
0xbf0ef65de7c429b000b2bef7531862a5a55c8eee,15
0x8df83395863a929be7149c85fc9cbb8abcf644ae,14
0xe1a085ce1cbfc37101177df4f3ddc19dcd8bb4ab,12
0x32dca0cd5e3991d0f5986ccb14cf932af93e039f,8
0x9e63fd76f94c8e7d244360072faf7aed2247654f,8
0x7323c19f3435c4cddf13e40240011597a90fd4a1,7
0x88a85793f9183dcf3a246bc398c564af7977de58,6
0x929f4391f9ecb168421538de191ccdb01b97530a,6
0xe81525d3bb07fd4a14707be988bc5d0b566f15a8,6
0xfc76ba9a27f59b68b3743651842d5ac4b1632d8d,5
0x2028d33b2f3ea76a2bcbcc83c584fd147c4bd509,4
0xb32f8ff0e25d87b58711f330b0718e1ce7d1f3a0,3
0x05512cff8997f54d977841c50ff584e639733db5,2
0xd1dc3599b95866d39f46e3dd09b293c80052cb04,2
